<?xml version="1.0" encoding="UTF-8"?>
<!DOCTYPE configuration
  PUBLIC "-//mybatis.org//DTD Config 3.0//EN"
  "http://mybatis.org/dtd/mybatis-3-config.dtd">
<configuration>
	<typeAliases> <!-- 별칭 설정 --> <!-- typeAliases가 mappers보다 먼저 실행되어야한다. 순서 중요. -->
		<typeAlias type="com.onetop.food.vo.MemberVO" alias="Member"/>
		<typeAlias type="com.onetop.food.vo.BoardVO" alias="Board"/>
		<typeAlias type="com.onetop.food.vo.ReplyVO" alias="Reply"/>
	</typeAliases>
  <mappers>
    <mapper resource="mappers/memberMapper.xml"/> <!-- mapper와 연결 -->
    <mapper resource="mappers/boardMapper.xml"/> 
  </mappers>
</configuration>