<?xml version="1.0" encoding="UTF-8"?>
<!DOCTYPE configuration
  PUBLIC "-//mybatis.org//DTD Config 3.0//EN"
  "http://mybatis.org/dtd/mybatis-3-config.dtd">
<configuration>
	<typeAliases>
		<typeAlias type="com.onetop.food.vo.MemberVO" alias="Member"/>
		<typeAlias type="com.onetop.food.vo.BoardVO" alias="board"/>
		<typeAlias type="com.onetop.food.vo.ReplyVO" alias="Reply"/>
	</typeAliases>
	
	<mappers>
		<mapper resource="mappers/boardMapper.xml"/>
		<mapper resource="mappers/memberMapper.xml"/>
	</mappers>
</configuration>