<?xml version="1.0" encoding="UTF-8"?>
<!DOCTYPE mapper
  PUBLIC "-//mybatis.org//DTD Mapper 3.0//EN"
  "http://mybatis.org/dtd/mybatis-3-mapper.dtd">
 <mapper namespace="com.onetop.food.repository.BoardMapper">
 	<select id="readJList" parameterType="HashMap" resultType="board">
 		select 
	 		bt.board_num as boardNum,
	 		bt.board_title as boardTitle,
	 		bt.member_id as memberId,
	 		bt.board_date as boardDate
 		from 
 			board_food_tb bt,
		    (select
		        rownum as rn,
		        board_num as bn
		    from
		        board_food_tb
		    order by
		        board_num desc) rt
			where
				bt.board_num = rt.bn
				and
				rt.rn between #{startRecord } + 1 and #{startRecord } + #{countPerPage }
			order by board_num desc
 	</select>
 	
	<select id="searchBoard" parameterType="HashMap" resultType="board">
 		select
		    board_num as boardNum,
		    board_title as boardTit le,
		    member_id as memberId,
		    to_char(board_date, 'yyyy-mm-dd') as boardDate
		from
		    board_food_tb
	<where>
		<if test="searchType == 'boardTitle'">
			board_title like '%' || #{searchWord } || '%'
		</if>
		<if test="searchType == 'boardContent'">
			board_content like '%' || #{searchWord } || '%'
		</if>
		<if test="searchType == 'memberNm'">
			member_nm like '%' || #{searchWord } || '%'
		</if>
	</where>
		order by board_num desc
 	</select>
 	
 	<select id="getTotalRecordsCount" resultType="int">
		select
			count(*)
		from
			board_food_tb
	</select>
	
	<!-- 글 내용 조회 -->
	<select id="readBoard" resultType="Board" parameterType = "int"> 
		select
			board_num as boardNum,
			board_title as boardTitle,
			member_id as memberId,
			to_char(board_date, 'yyyy-mm-dd') as boardDate,
			board_map as boardMap,
			store_tel as storeTel,
			store_time as storeTime,
			board_content as boardContent,
			original_filename as originalFilename,
			like_cnt as likeCnt
		from
			board_food_tb
		where
			board_num = #{boardNum }
	</select>
	
	<!-- 글 수정 -->
	<update id="updateBoard" parameterType="Board">
		update
			board_food_tb
		set
			board_title = #{boardTitle },
			board_map = #{boardMap },
			store_tel = #{storeTel },
			store_time = #{storeTime },
			board_content = #{boardContent }
		<!-- where
			board_num = #{boardNum } -->
	</update>
	
	<!-- 글 삭제 -->
	<delete id="deleteBoard" parameterType="Board">
		delete
		from
			board_food_tb
		where
			board_num = #{boardNum }
	</delete>
	
 	<!-- 추천하기 -->
 	<update id="likeCnt" parameterType="int">
 		update
 			board_food_tb
 		set
 			like_cnt = like_cnt +1
 		where
 			board_num = #{boardNum }
 	</update>
 	
 	<!-- 댓글 가져오기 -->
 	<select id="getReplyList" parameterType="int" resultType="Reply">
 		select
 			reply_num as replyNum,
 			board_num as boardNum,
 			member_id as memberId,
 			reply_content as replyContent,
 			reply_indate as replyIndate
 		from
 			reply_food_tb
 		where
 			board_num =#{boardNum }
 	</select>
 	
 	<!-- 댓글 작성하기 -->
 	<insert id="writeReply" parameterType="Reply">
 		insert into reply_food_tb (
			reply_num,
 			board_num,
 			member_id,
 			reply_content
 		) values (
 			reply_food_seq.nextval,
 			#{boardNum },
 			#{memberId },
 			#{replyContent }
 		)
 	</insert>
 	
 </mapper> 
 