<?xml version="1.0" encoding="UTF-8"?>
<!DOCTYPE mapper
  PUBLIC "-//mybatis.org//DTD Mapper 3.0//EN"
  "http://mybatis.org/dtd/mybatis-3-mapper.dtd">
 <mapper namespace="com.onetop.food.repository.BoardMapper">
 	<select id="readJList" parameterType="HashMap" resultType="board">
 		select 
	 		bt.board_num as boardNum,
	 		bt.board_title as boardTitle,
	 		bt.member_id as memberId,
	 		bt.board_date as boardDate
 		from 
 			board_food_tb bt,
		    (select
		        rownum as rn,
		        board_num as bn
		    from
		        board_food_tb
		    order by
		        board_num desc) rt
			where
				bt.board_num = rt.bn
				and
				rt.rn between #{startRecord } + 1 and #{startRecord } + #{countPerPage }
			order by board_num desc
 	</select>
 	
 	 	<select id="searchBoard" parameterType="HashMap" resultType="board">
 		select
		    board_num as boardNum,
		    board_title as boardTit le,
		    member_id as memberId,
		    to_char(board_date, 'yyyy-mm-dd') as boardDate
		from
		    board_food_tb
	<where>
		<if test="searchType == 'boardTitle'">
			board_title like '%' || #{searchWord } || '%'
		</if>
		<if test="searchType == 'boardContent'">
			board_content like '%' || #{searchWord } || '%'
		</if>
		<if test="searchType == 'memberNm'">
			member_nm like '%' || #{searchWord } || '%'
		</if>
	</where>
		order by board_num desc
 	</select>
 	
 	<select id="getTotalRecordsCount" parameterType="HashMap" resultType="int">
		select
			count(*)
		from
			board_food_tb
	</select>
	
	<insert id = "writeBoard" parameterType = "Board">
		insert into board_food_tb
		(
			board_num,
			board_title,
			board_content,
			member_id,
			store_add,
			store_tel,
			store_time
			<!-- 동적 쿼리를 이용해 유효성 검사, 파일 저장에 실패할 수도 있으므로 originalFilename은 검사하지 않음 -->
			<if test = "savedFilename != null">
			, original_filename
			, saved_filename
			</if>
		)
		values
		(
		   board_seq.nextval,
		   #{boardTitle },
		   #{boardContent },
		   #{memberId },
		   #{storeAdd },
		   #{storeTel },
		   #{storeTime }
		   <if test = "savedFilename != null">
		    , #{originalFilename }
			, #{savedFilename }
		   </if>
		)
	</insert>
	
	<!-- 글 내용 조회 -->
	<select id="readBoard" resultType="Board" parameterType = "int"> 
		select
			board_num as boardNum,
			board_title as boardTitle,
			member_id as memberId,
			to_char(board_date, 'yyyy-mm-dd') as boardDate,
			board_map as boardMap,
			store_add as storeAdd,
			store_tel as storeTel,
			store_time as storeTime,
			board_content as boardContent,
			original_filename as originalFilename,
			saved_filename as savedFilename,
			like_cnt as likeCnt
		from
			board_food_tb
		where
			board_num = #{boardNum }
	</select>
 </mapper> 
 