<?xml version="1.0" encoding="UTF-8"?>
<!DOCTYPE mapper
  PUBLIC "-//mybatis.org//DTD Mapper 3.0//EN"
  "http://mybatis.org/dtd/mybatis-3-mapper.dtd">
 <mapper namespace="com.onetop.food.repository.BoardMapper">
 	<select id="readJList" parameterType="HashMap" resultType="board">
 		select 
	 		bt.board_num as boardNum,
	 		bt.board_title as boardTitle,
	 		bt.member_id as memberId,
	 		bt.board_date as boardDate
 		from 
 			board_food_tb bt,
		    (select
		        rownum as rn,
		        board_num as bn
		    from
		        board_food_tb
		    order by
		        board_num desc) rt
			where
				bt.board_num = rt.bn
				and
				rt.rn between #{startRecord } + 1 and #{startRecord } + #{countPerPage }
			order by board_num desc
 	</select>
 	
 	 	<select id="searchBoard" parameterType="HashMap" resultType="board">
 		select
		    board_num as boardNum,
		    board_title as boardTit le,
		    member_id as memberId,
		    to_char(board_date, 'yyyy-mm-dd') as boardDate
		from
		    board_food_tb
	<where>
		<if test="searchType == 'boardTitle'">
			board_title like '%' || #{searchWord } || '%'
		</if>
		<if test="searchType == 'boardContent'">
			board_content like '%' || #{searchWord } || '%'
		</if>
		<if test="searchType == 'memberNm'">
			member_nm like '%' || #{searchWord } || '%'
		</if>
	</where>
		order by board_num desc
 	</select>
 	
 	<select id="getTotalRecordsCount" resultType="int">
		select
			count(*)
		from
			board_food_tb
	</select>
 </mapper> 
 